[
  {
    "name": "Analyze Shape CAD\t\t\t",
    "path": "Mini_CAD_Console/scripts/analyze_shape_CAD.py"
  },
  {
    "name": "Export Bodies\t\t\t\t",
    "path": "Mini_CAD_Console/export/xport_bodies.py"
  },
  {
    "name": "Export Job Operation Body\t\t",
    "path": "Mini_CAD_Console/export/xport_job_operation_body.py"
  },
  {
    "name": "Export Objects\t\t\t",
    "path": "Mini_CAD_Console/export/xport_objects.py"
  },
  {
    "name": "Export Parts\t\t\t\t",
    "path": "Mini_CAD_Console/export/xport_parts.py"
  },
  {
    "name": "Export Parts and Bodies\t\t",
    "path": "Mini_CAD_Console/export/xport_parts_bodies.py"
  },
  {
    "name": "Calculate Axle Size\t\t\t",
    "path": "Mini_CAD_Console/gears/calc_axle_size.py"
  },
  {
    "name": "Calculate Compound Involute Axle\t",
    "path": "Mini_CAD_Console/gears/calc_compound_involute_axle.py"
  },
  {
    "name": "Calculate Involute Axle\t\t",
    "path": "Mini_CAD_Console/gears/calc_involute_axle.py"
  },
  {
    "name": "Calculate Mass\t\t\t",
    "path": "Mini_CAD_Console/gears/calc_mass.py"
  },
  {
    "name": "Calculate Volume\t\t\t",
    "path": "Mini_CAD_Console/gears/calc_volume.py"
  }
]
