[
  {
    "timestamp": "2025-08-02T08:30:43.289246",
    "entry": "Finish dial trian chapter rough draft."
  },
  {
    "timestamp": "2025-08-02T08:31:01.528145",
    "entry": "Cut the proto gears from the chapter."
  },
  {
    "timestamp": "2025-08-02T08:31:53.693684",
    "entry": "Double check the chapter with the AI. Try to come up with more material like: end of chapter material, challenges, or something else"
  },
  {
    "timestamp": "2025-08-03T14:38:11.225898",
    "entry": "Finished calc_involute_tooth_count.py."
  },
  {
    "timestamp": "2025-08-03T14:38:49.325570",
    "entry": "Add calc_involute_tooth_count.py to Electromagnetic Time Machine DOCX"
  },
  {
    "timestamp": "2025-08-04T13:55:37.823736",
    "entry": "I need to include how to make pdfs for scroll saw users"
  },
  {
    "timestamp": "2025-08-04T14:17:28.728615",
    "entry": "i finished the rough draft of the dial train. it needs much editing"
  }
]